{"cameraMode":{"drawMode":0,"name":"Shaded","section":"Shading Mode"},"sceneLighting":true,"audioPlay":false,"sceneViewState":{"showFog":true,"showMaterialUpdate":true,"showSkybox":true,"showFlares":true,"showImageEffects":true,"showParticleSystems":true},"in2DMode":false,"pivot":{"x":8.858187675476075,"y":-2.60621976852417,"z":-7.629560470581055},"rotation":{"x":-0.09458597749471665,"y":0.041499510407447818,"z":-0.003948629833757877,"w":-0.9946570992469788},"size":14.476292610168457,"orthographic":false}